{"cameraMode":{"drawMode":0,"name":"Shaded","section":"Shading Mode"},"sceneLighting":false,"audioPlay":false,"sceneViewState":{"showFog":false,"showMaterialUpdate":false,"showSkybox":false,"showFlares":false,"showImageEffects":false,"showParticleSystems":false},"in2DMode":false,"pivot":{"x":0.07218568027019501,"y":0.1928858757019043,"z":3.8727474212646486},"rotation":{"x":0.2146197408437729,"y":-0.008795750327408314,"z":0.0019317286787554622,"w":0.9766602516174316},"size":7.191398620605469,"orthographic":false}